{
  "data_structure": {
    "seasons": [
      "2015-2016",
      "2016-2017",
      "2017-2018",
      "2018-2019",
      "2019-2020",
      "2020-2021",
      "2021-2022",
      "2022-2023",
      "2023-2024",
      "2024-2025"
    ],
    "total_seasons": 10,
    "files_per_season": {
      "2015-2016": 20,
      "2016-2017": 20,
      "2017-2018": 20,
      "2018-2019": 20,
      "2019-2020": 20,
      "2020-2021": 20,
      "2021-2022": 20,
      "2022-2023": 20,
      "2023-2024": 20,
      "2024-2025": 20
    },
    "total_files": 200
  },
  "team_analysis": {
    "total_unique_teams": 122,
    "filename_teams": 34,
    "fc_teams": 36,
    "afc_teams": 0,
    "special_char_teams": 6,
    "non_english_teams": 2,
    "draw_values": 0,
    "sample_records": 2479
  },
  "date_quality": {
    "valid_dates": 707,
    "invalid_dates": 0,
    "invalid_rate": 0.0,
    "date_ranges": {
      "2015-2016": [
        2015,
        2016
      ],
      "2016-2017": [
        2016,
        2017
      ],
      "2017-2018": [
        2017,
        2018
      ]
    }
  },
  "overall_quality": {
    "structure_score": 100,
    "team_score": 63.9344262295082,
    "date_score": 100.0,
    "overall_score": 87.97814207650272
  }
}